"Status","Start Time","Stop Time","Duration in ms","Parent Suite","Suite","Sub Suite","Test Class","Test Method","Name","Description"
"broken","Tue Jun 16 03:14:38 UTC 2026","Tue Jun 16 03:14:39 UTC 2026","254","API Coverage - Arise + Bamboo + Dolphin","Bamboo","com.testcase.dolphin.cpvProduct.CpvTest","com.testcase.dolphin.cpvProduct.CpvTest","findCategoryByIdTest","findCategoryById",""
"broken","Tue Jun 16 03:19:01 UTC 2026","Tue Jun 16 03:19:21 UTC 2026","20021","API Coverage - Arise + Bamboo + Dolphin","Dolphin","com.testcase.dolphin.searchRec.AICompanySearchTest","com.testcase.dolphin.searchRec.AICompanySearchTest","recallTopRankingScenarioTest","AI Search recall: wlw-staging.de cnc top-ranking scenario",""
"passed","Tue Jun 16 03:14:48 UTC 2026","Tue Jun 16 03:14:48 UTC 2026","250","API Coverage - Arise + Bamboo + Dolphin","Dolphin","com.testcase.dolphin.searchRec.ProductMainSearchTest","com.testcase.dolphin.searchRec.ProductMainSearchTest","epFrInterventionAbatJourTest","epFrInterventionAbatJourTest",""
"passed","Tue Jun 16 03:14:50 UTC 2026","Tue Jun 16 03:14:50 UTC 2026","251","API Coverage - Arise + Bamboo + Dolphin","Dolphin","com.testcase.dolphin.searchRec.ProductMainSearchTest","com.testcase.dolphin.searchRec.ProductMainSearchTest","wlwDeNormalizationAnkaufVonPalettenTest","wlwDeNormalizationAnkaufVonPalettenTest",""
"passed","Tue Jun 16 03:14:44 UTC 2026","Tue Jun 16 03:14:46 UTC 2026","1427","API Coverage - Arise + Bamboo + Dolphin","Dolphin","com.testcase.dolphin.searchRec.ProductMainSearchTest","com.testcase.dolphin.searchRec.ProductMainSearchTest","WlwProductPriceRangeFilterTest","WlwProductPriceRangeFilterTest",""
"passed","Tue Jun 16 03:14:46 UTC 2026","Tue Jun 16 03:14:46 UTC 2026","500","API Coverage - Arise + Bamboo + Dolphin","Dolphin","com.testcase.dolphin.searchRec.ProductMainSearchTest","com.testcase.dolphin.searchRec.ProductMainSearchTest","epDeNormalizationPflanzenschutzmittelTest","epDeNormalizationPflanzenschutzmittelTest",""
"broken","Tue Jun 16 03:17:41 UTC 2026","Tue Jun 16 03:18:01 UTC 2026","20017","API Coverage - Arise + Bamboo + Dolphin","Dolphin","com.testcase.dolphin.searchRec.AICompanySearchTest","com.testcase.dolphin.searchRec.AICompanySearchTest","recallPaidSupplierFilterTest","AI Search recall: paid supplier filter (verified=true)",""
"passed","Tue Jun 16 03:14:41 UTC 2026","Tue Jun 16 03:14:42 UTC 2026","1381","API Coverage - Arise + Bamboo + Dolphin","Dolphin","com.testcase.dolphin.searchRec.ProductMainSearchTest","com.testcase.dolphin.searchRec.ProductMainSearchTest","EpProductPriceRangeFilterTest","EpProductPriceRangeFilterTest",""
"passed","Tue Jun 16 03:14:47 UTC 2026","Tue Jun 16 03:14:47 UTC 2026","225","API Coverage - Arise + Bamboo + Dolphin","Dolphin","com.testcase.dolphin.searchRec.ProductMainSearchTest","com.testcase.dolphin.searchRec.ProductMainSearchTest","epEnRewriteAirbagsTest","epEnRewriteAirbagsTest",""
"passed","Tue Jun 16 03:14:54 UTC 2026","Tue Jun 16 03:14:54 UTC 2026","338","API Coverage - Arise + Bamboo + Dolphin","Dolphin","com.testcase.dolphin.searchRec.CompanyMainSearchTest","com.testcase.dolphin.searchRec.CompanyMainSearchTest","epEsRewriteJalapenosTest","epEsRewriteJalapenosTest",""
"passed","Tue Jun 16 03:14:50 UTC 2026","Tue Jun 16 03:14:50 UTC 2026","279","API Coverage - Arise + Bamboo + Dolphin","Dolphin","com.testcase.dolphin.searchRec.ProductMainSearchTest","com.testcase.dolphin.searchRec.ProductMainSearchTest","wlwDeInterventionAntiquitaetenTest","wlwDeInterventionAntiquitaetenTest",""
"broken","Tue Jun 16 03:18:21 UTC 2026","Tue Jun 16 03:18:41 UTC 2026","20014","API Coverage - Arise + Bamboo + Dolphin","Dolphin","com.testcase.dolphin.searchRec.AICompanySearchTest","com.testcase.dolphin.searchRec.AICompanySearchTest","recallSingleFilterTest","AI Search recall: single filter (verified=true)",""
"passed","Tue Jun 16 03:14:51 UTC 2026","Tue Jun 16 03:14:51 UTC 2026","226","API Coverage - Arise + Bamboo + Dolphin","Dolphin","com.testcase.dolphin.searchRec.ProductMainSearchTest","com.testcase.dolphin.searchRec.ProductMainSearchTest","wlwEnInterventionAirbagsTest","wlwEnInterventionAirbagsTest",""
"broken","Tue Jun 16 03:14:50 UTC 2026","Tue Jun 16 03:14:50 UTC 2026","65","API Coverage - Arise + Bamboo + Dolphin","Dolphin","com.testcase.dolphin.searchRec.ProductMainSearchTest","com.testcase.dolphin.searchRec.ProductMainSearchTest","sponsorBrandPreviewTest","sponsorBrandPreviewTest",""
"broken","Tue Jun 16 03:14:39 UTC 2026","Tue Jun 16 03:14:39 UTC 2026","591","API Coverage - Arise + Bamboo + Dolphin","Bamboo","com.testcase.dolphin.cpvProduct.CpvTest","com.testcase.dolphin.cpvProduct.CpvTest","leafCategoryPredictTest","leafCategoryPredict",""
"passed","Tue Jun 16 03:14:38 UTC 2026","Tue Jun 16 03:14:38 UTC 2026","35","API Coverage - Arise + Bamboo + Dolphin","Arise","com.testcase.arise.seo.api.tmb.SEOElementsAPITest","com.testcase.arise.seo.api.tmb.SEOElementsAPITest","pageElementsGet","pageElementsGet",""
"broken","Tue Jun 16 03:15:41 UTC 2026","Tue Jun 16 03:16:01 UTC 2026","20021","API Coverage - Arise + Bamboo + Dolphin","Dolphin","com.testcase.dolphin.searchRec.AICompanySearchTest","com.testcase.dolphin.searchRec.AICompanySearchTest","pvMatchEmptyCompanyListTest","AI Search PV match: empty companyList",""
"passed","Tue Jun 16 03:20:03 UTC 2026","Tue Jun 16 03:20:03 UTC 2026","64","API Coverage - Arise + Bamboo + Dolphin","Dolphin","com.testcase.dolphin.searchRec.ProductRecommendTest","com.testcase.dolphin.searchRec.ProductRecommendTest","sameStoreProductRecommendTest","product same store recommend -- wlw",""
"passed","Tue Jun 16 03:14:50 UTC 2026","Tue Jun 16 03:14:51 UTC 2026","268","API Coverage - Arise + Bamboo + Dolphin","Dolphin","com.testcase.dolphin.searchRec.ProductMainSearchTest","com.testcase.dolphin.searchRec.ProductMainSearchTest","wlwDeRewriteAdhaesionsbeutelTest","wlwDeRewriteAdhaesionsbeutelTest",""
"passed","Tue Jun 16 03:14:51 UTC 2026","Tue Jun 16 03:14:51 UTC 2026","247","API Coverage - Arise + Bamboo + Dolphin","Dolphin","com.testcase.dolphin.searchRec.ProductMainSearchTest","com.testcase.dolphin.searchRec.ProductMainSearchTest","wlwEnNormalizationScarfCashmereWoolTest","wlwEnNormalizationScarfCashmereWoolTest",""
"broken","Tue Jun 16 03:19:21 UTC 2026","Tue Jun 16 03:19:41 UTC 2026","20021","API Coverage - Arise + Bamboo + Dolphin","Dolphin","com.testcase.dolphin.searchRec.AICompanySearchTest","com.testcase.dolphin.searchRec.AICompanySearchTest","termRecommendNoMockTest","AI Search term recommend API without mock",""
"passed","Tue Jun 16 03:14:59 UTC 2026","Tue Jun 16 03:15:00 UTC 2026","603","API Coverage - Arise + Bamboo + Dolphin","Dolphin","com.testcase.dolphin.searchRec.CompanyMainSearchTest","com.testcase.dolphin.searchRec.CompanyMainSearchTest","wlwEnInterventionAluminiumRecyclingTest","wlwEnInterventionAluminiumRecyclingTest",""
"passed","Tue Jun 16 03:14:47 UTC 2026","Tue Jun 16 03:14:48 UTC 2026","249","API Coverage - Arise + Bamboo + Dolphin","Dolphin","com.testcase.dolphin.searchRec.ProductMainSearchTest","com.testcase.dolphin.searchRec.ProductMainSearchTest","epEsRewriteJalapenosTest","epEsRewriteJalapenosTest",""
"passed","Tue Jun 16 03:14:52 UTC 2026","Tue Jun 16 03:14:52 UTC 2026","67","API Coverage - Arise + Bamboo + Dolphin","Dolphin","com.testcase.dolphin.searchRec.CompanyMainSearchTest","com.testcase.dolphin.searchRec.CompanyMainSearchTest","companySearchWidgetTest","companySearchWidgetTest",""
"passed","Tue Jun 16 03:14:43 UTC 2026","Tue Jun 16 03:14:43 UTC 2026","909","API Coverage - Arise + Bamboo + Dolphin","Dolphin","com.testcase.dolphin.searchRec.ProductMainSearchTest","com.testcase.dolphin.searchRec.ProductMainSearchTest","WlwProductNewMainSearchLocationFilterTest","WlwProductNewMainSearchLocationFilterTest",""
"passed","Tue Jun 16 03:20:02 UTC 2026","Tue Jun 16 03:20:02 UTC 2026","53","API Coverage - Arise + Bamboo + Dolphin","Dolphin","com.testcase.dolphin.searchRec.ProductRecommendTest","com.testcase.dolphin.searchRec.ProductRecommendTest","getCategoryListEpTest","v-recommend category list -- ep",""
"passed","Tue Jun 16 03:14:46 UTC 2026","Tue Jun 16 03:14:46 UTC 2026","18","API Coverage - Arise + Bamboo + Dolphin","Dolphin","com.testcase.dolphin.searchRec.ProductMainSearchTest","com.testcase.dolphin.searchRec.ProductMainSearchTest","canExchangeTabTest","canExchangeTabTest",""
"passed","Tue Jun 16 03:20:02 UTC 2026","Tue Jun 16 03:20:02 UTC 2026","39","API Coverage - Arise + Bamboo + Dolphin","Dolphin","com.testcase.dolphin.searchRec.ProductRecommendTest","com.testcase.dolphin.searchRec.ProductRecommendTest","getCategoryListWlwWithPreferredSuperCategoryIdsTest","v-recommend category list -- wlw, with preferredSuperCategoryIds",""
"failed","Tue Jun 16 03:14:56 UTC 2026","Tue Jun 16 03:14:57 UTC 2026","210","API Coverage - Arise + Bamboo + Dolphin","Dolphin","com.testcase.dolphin.searchRec.CompanyMainSearchTest","com.testcase.dolphin.searchRec.CompanyMainSearchTest","testCompanyMainSearchNoResult","testCompanyMainSearchNoResult",""
"broken","Tue Jun 16 03:18:41 UTC 2026","Tue Jun 16 03:19:01 UTC 2026","20004","API Coverage - Arise + Bamboo + Dolphin","Dolphin","com.testcase.dolphin.searchRec.AICompanySearchTest","com.testcase.dolphin.searchRec.AICompanySearchTest","recallTest","AI Search recall (supplierTextSearch) API using params from inference",""
"passed","Tue Jun 16 03:14:47 UTC 2026","Tue Jun 16 03:14:47 UTC 2026","442","API Coverage - Arise + Bamboo + Dolphin","Dolphin","com.testcase.dolphin.searchRec.ProductMainSearchTest","com.testcase.dolphin.searchRec.ProductMainSearchTest","epEnNormalizationClothesWomensTest","epEnNormalizationClothesWomensTest",""
"passed","Tue Jun 16 03:14:55 UTC 2026","Tue Jun 16 03:14:55 UTC 2026","263","API Coverage - Arise + Bamboo + Dolphin","Dolphin","com.testcase.dolphin.searchRec.CompanyMainSearchTest","com.testcase.dolphin.searchRec.CompanyMainSearchTest","epFrRewriteEpinglTest","epFrRewriteEpinglTest",""
"passed","Tue Jun 16 03:20:03 UTC 2026","Tue Jun 16 03:20:03 UTC 2026","74","API Coverage - Arise + Bamboo + Dolphin","Dolphin","com.testcase.dolphin.searchRec.ProductRecommendTest","com.testcase.dolphin.searchRec.ProductRecommendTest","homepageProductRecommendTest","homepage product recommend -- wlw",""
"passed","Tue Jun 16 03:14:58 UTC 2026","Tue Jun 16 03:14:59 UTC 2026","423","API Coverage - Arise + Bamboo + Dolphin","Dolphin","com.testcase.dolphin.searchRec.CompanyMainSearchTest","com.testcase.dolphin.searchRec.CompanyMainSearchTest","wlwDeNormalization2WelligePappeTest","wlwDeNormalization2WelligePappeTest",""
"passed","Tue Jun 16 03:14:51 UTC 2026","Tue Jun 16 03:14:51 UTC 2026","230","API Coverage - Arise + Bamboo + Dolphin","Dolphin","com.testcase.dolphin.searchRec.ProductMainSearchTest","com.testcase.dolphin.searchRec.ProductMainSearchTest","wlwEnRewriteAirbagsTest","wlwEnRewriteAirbagsTest",""
"passed","Tue Jun 16 03:14:51 UTC 2026","Tue Jun 16 03:14:52 UTC 2026","62","API Coverage - Arise + Bamboo + Dolphin","Dolphin","com.testcase.dolphin.searchRec.CompanyMainSearchTest","com.testcase.dolphin.searchRec.CompanyMainSearchTest","companySearchFilterTest","companySearchFilterTest",""
"passed","Tue Jun 16 03:15:00 UTC 2026","Tue Jun 16 03:15:00 UTC 2026","405","API Coverage - Arise + Bamboo + Dolphin","Dolphin","com.testcase.dolphin.searchRec.CompanyMainSearchTest","com.testcase.dolphin.searchRec.CompanyMainSearchTest","wlwEnRewriteAirbagsTest","wlwEnRewriteAirbagsTest",""
"passed","Tue Jun 16 03:14:37 UTC 2026","Tue Jun 16 03:14:38 UTC 2026","467","API Coverage - Arise + Bamboo + Dolphin","Arise","com.testcase.arise.seo.api.tmb.SEOElementsAPITest","com.testcase.arise.seo.api.tmb.SEOElementsAPITest","getAllElementsByUrlTest","getAllElementsByUrlTest",""
"passed","Tue Jun 16 03:14:38 UTC 2026","Tue Jun 16 03:14:38 UTC 2026","176","API Coverage - Arise + Bamboo + Dolphin","Arise","com.testcase.arise.seo.api.tmb.SEOElementsAPITest","com.testcase.arise.seo.api.tmb.SEOElementsAPITest","skwd","skwd",""
"passed","Tue Jun 16 03:20:02 UTC 2026","Tue Jun 16 03:20:03 UTC 2026","327","API Coverage - Arise + Bamboo + Dolphin","Dolphin","com.testcase.dolphin.searchRec.ProductRecommendTest","com.testcase.dolphin.searchRec.ProductRecommendTest","getproductRecommendByQueryOnCserpTest","getproductRecommendByQueryOnCserpTest",""
"passed","Tue Jun 16 03:20:02 UTC 2026","Tue Jun 16 03:20:02 UTC 2026","44","API Coverage - Arise + Bamboo + Dolphin","Dolphin","com.testcase.dolphin.searchRec.ProductRecommendTest","com.testcase.dolphin.searchRec.ProductRecommendTest","getCategoryListWlwTest","v-recommend category list -- wlw, full categories",""
"passed","Tue Jun 16 03:20:03 UTC 2026","Tue Jun 16 03:20:03 UTC 2026","70","API Coverage - Arise + Bamboo + Dolphin","Dolphin","com.testcase.dolphin.searchRec.ProductRecommendTest","com.testcase.dolphin.searchRec.ProductRecommendTest","zeroResultProductRecommendTest","Recommend products in 0 result search list page v1 -- wlw",""
"broken","Tue Jun 16 03:17:21 UTC 2026","Tue Jun 16 03:17:41 UTC 2026","20020","API Coverage - Arise + Bamboo + Dolphin","Dolphin","com.testcase.dolphin.searchRec.AICompanySearchTest","com.testcase.dolphin.searchRec.AICompanySearchTest","recallNoResultQueryTest","AI Search recall: no-result query (empty offers or zero total)",""
"failed","Tue Jun 16 03:14:39 UTC 2026","Tue Jun 16 03:14:39 UTC 2026","15","API Coverage - Arise + Bamboo + Dolphin","Bamboo","com.testcase.dolphin.cpvProduct.CpvTest","com.testcase.dolphin.cpvProduct.CpvTest","listSubCategoriesTest","list sub Categories",""
"broken","Tue Jun 16 03:17:01 UTC 2026","Tue Jun 16 03:17:21 UTC 2026","20025","API Coverage - Arise + Bamboo + Dolphin","Dolphin","com.testcase.dolphin.searchRec.AICompanySearchTest","com.testcase.dolphin.searchRec.AICompanySearchTest","recallInvalidRlabSessionTest","AI Search recall: invalid rlabSessionId (negative / lenient)",""
"passed","Tue Jun 16 03:14:49 UTC 2026","Tue Jun 16 03:14:49 UTC 2026","343","API Coverage - Arise + Bamboo + Dolphin","Dolphin","com.testcase.dolphin.searchRec.ProductMainSearchTest","com.testcase.dolphin.searchRec.ProductMainSearchTest","productSearchCountTest","productSearchCountTest",""
"passed","Tue Jun 16 03:14:55 UTC 2026","Tue Jun 16 03:14:55 UTC 2026","29","API Coverage - Arise + Bamboo + Dolphin","Dolphin","com.testcase.dolphin.searchRec.CompanyMainSearchTest","com.testcase.dolphin.searchRec.CompanyMainSearchTest","getAutoCompleteForSearchTermTest","getAutoCompleteForSearchTermTest",""
"passed","Tue Jun 16 03:14:39 UTC 2026","Tue Jun 16 03:14:39 UTC 2026","57","API Coverage - Arise + Bamboo + Dolphin","Bamboo","com.testcase.dolphin.cpvProduct.CpvTest","com.testcase.dolphin.cpvProduct.CpvTest","searchCategoryByNameTest","searchCategoryByName",""
"passed","Tue Jun 16 03:14:52 UTC 2026","Tue Jun 16 03:14:52 UTC 2026","333","API Coverage - Arise + Bamboo + Dolphin","Dolphin","com.testcase.dolphin.searchRec.CompanyMainSearchTest","com.testcase.dolphin.searchRec.CompanyMainSearchTest","epDeNormalization2WelligePappeTest","epDeNormalization2WelligePappeTest",""
"passed","Tue Jun 16 03:14:53 UTC 2026","Tue Jun 16 03:14:54 UTC 2026","529","API Coverage - Arise + Bamboo + Dolphin","Dolphin","com.testcase.dolphin.searchRec.CompanyMainSearchTest","com.testcase.dolphin.searchRec.CompanyMainSearchTest","epEnRewriteAirbagsTest","epEnRewriteAirbagsTest",""
"passed","Tue Jun 16 03:14:55 UTC 2026","Tue Jun 16 03:14:56 UTC 2026","568","API Coverage - Arise + Bamboo + Dolphin","Dolphin","com.testcase.dolphin.searchRec.CompanyMainSearchTest","com.testcase.dolphin.searchRec.CompanyMainSearchTest","testCompanyMainSearch","testCompanyMainSearch",""
"passed","Tue Jun 16 03:14:40 UTC 2026","Tue Jun 16 03:14:41 UTC 2026","528","API Coverage - Arise + Bamboo + Dolphin","Dolphin","com.testcase.dolphin.searchRec.ProductMainSearchTest","com.testcase.dolphin.searchRec.ProductMainSearchTest","EpProductNewMainSearchTest","EpProductNewMainSearchTest",""
"passed","Tue Jun 16 03:14:47 UTC 2026","Tue Jun 16 03:14:47 UTC 2026","252","API Coverage - Arise + Bamboo + Dolphin","Dolphin","com.testcase.dolphin.searchRec.ProductMainSearchTest","com.testcase.dolphin.searchRec.ProductMainSearchTest","epEnInterventionAirbagsTest","epEnInterventionAirbagsTest",""
"passed","Tue Jun 16 03:20:02 UTC 2026","Tue Jun 16 03:20:02 UTC 2026","89","API Coverage - Arise + Bamboo + Dolphin","Dolphin","com.testcase.dolphin.searchRec.ProductRecommendTest","com.testcase.dolphin.searchRec.ProductRecommendTest","EPZeroResultProductRecommendTest","Recommend products in 0 result search list page v1 -- ep",""
"passed","Tue Jun 16 03:14:43 UTC 2026","Tue Jun 16 03:14:44 UTC 2026","407","API Coverage - Arise + Bamboo + Dolphin","Dolphin","com.testcase.dolphin.searchRec.ProductMainSearchTest","com.testcase.dolphin.searchRec.ProductMainSearchTest","WlwProductNewMainSearchSidebarFilterTest","WlwProductNewMainSearchSidebarFilterTest",""
"broken","Tue Jun 16 03:16:01 UTC 2026","Tue Jun 16 03:16:21 UTC 2026","20016","API Coverage - Arise + Bamboo + Dolphin","Dolphin","com.testcase.dolphin.searchRec.AICompanySearchTest","com.testcase.dolphin.searchRec.AICompanySearchTest","pvMatchTest","AI Search PV match (supplierAiMatch) API",""
"passed","Tue Jun 16 03:14:53 UTC 2026","Tue Jun 16 03:14:53 UTC 2026","669","API Coverage - Arise + Bamboo + Dolphin","Dolphin","com.testcase.dolphin.searchRec.CompanyMainSearchTest","com.testcase.dolphin.searchRec.CompanyMainSearchTest","epEnNormalizationClothesWomensTest","epEnNormalizationClothesWomensTest",""
"passed","Tue Jun 16 03:14:57 UTC 2026","Tue Jun 16 03:14:57 UTC 2026","330","API Coverage - Arise + Bamboo + Dolphin","Dolphin","com.testcase.dolphin.searchRec.CompanyMainSearchTest","com.testcase.dolphin.searchRec.CompanyMainSearchTest","testCompanyMainSearchSidebarFilter","testCompanyMainSearchSidebarFilter",""
"broken","Tue Jun 16 03:19:41 UTC 2026","Tue Jun 16 03:20:01 UTC 2026","20023","API Coverage - Arise + Bamboo + Dolphin","Dolphin","com.testcase.dolphin.searchRec.AICompanySearchTest","com.testcase.dolphin.searchRec.AICompanySearchTest","termRecommendTest","AI Search term recommend API",""
"passed","Tue Jun 16 03:14:48 UTC 2026","Tue Jun 16 03:14:48 UTC 2026","490","API Coverage - Arise + Bamboo + Dolphin","Dolphin","com.testcase.dolphin.searchRec.ProductMainSearchTest","com.testcase.dolphin.searchRec.ProductMainSearchTest","epFrRewriteEpinglTest","epFrRewriteEpinglTest",""
"passed","Tue Jun 16 03:14:55 UTC 2026","Tue Jun 16 03:14:55 UTC 2026","19","API Coverage - Arise + Bamboo + Dolphin","Dolphin","com.testcase.dolphin.searchRec.CompanyMainSearchTest","com.testcase.dolphin.searchRec.CompanyMainSearchTest","getTopCateGoryFromSearchTermTest","getTopCateGoryFromSearchTermTest",""
"passed","Tue Jun 16 03:14:49 UTC 2026","Tue Jun 16 03:14:50 UTC 2026","666","API Coverage - Arise + Bamboo + Dolphin","Dolphin","com.testcase.dolphin.searchRec.ProductMainSearchTest","com.testcase.dolphin.searchRec.ProductMainSearchTest","productSearchRelevanceReportToolTest","productSearchRelevanceReportToolTest",""
"passed","Tue Jun 16 03:20:02 UTC 2026","Tue Jun 16 03:20:02 UTC 2026","102","API Coverage - Arise + Bamboo + Dolphin","Dolphin","com.testcase.dolphin.searchRec.ProductRecommendTest","com.testcase.dolphin.searchRec.ProductRecommendTest","getLandingPageProductListTest","get Landing page Product List for seo",""
"broken","Tue Jun 16 03:16:21 UTC 2026","Tue Jun 16 03:16:41 UTC 2026","20021","API Coverage - Arise + Bamboo + Dolphin","Dolphin","com.testcase.dolphin.searchRec.AICompanySearchTest","com.testcase.dolphin.searchRec.AICompanySearchTest","recallAlternateSortTest","AI Search recall: alternate sort (order_num_desc)",""
"broken","Tue Jun 16 03:14:48 UTC 2026","Tue Jun 16 03:14:48 UTC 2026","26","API Coverage - Arise + Bamboo + Dolphin","Dolphin","com.testcase.dolphin.searchRec.ProductMainSearchTest","com.testcase.dolphin.searchRec.ProductMainSearchTest","getProductUuidByCompanyUuidTest","getProductUuidByCompanyUuidTest",""
"passed","Tue Jun 16 03:14:38 UTC 2026","Tue Jun 16 03:14:38 UTC 2026","330","API Coverage - Arise + Bamboo + Dolphin","Arise","com.testcase.arise.seo.api.tmb.SEOElementsAPITest","com.testcase.arise.seo.api.tmb.SEOElementsAPITest","psearchProxySearch","psearchProxySearch",""
"broken","Tue Jun 16 03:16:41 UTC 2026","Tue Jun 16 03:17:01 UTC 2026","20013","API Coverage - Arise + Bamboo + Dolphin","Dolphin","com.testcase.dolphin.searchRec.AICompanySearchTest","com.testcase.dolphin.searchRec.AICompanySearchTest","recallCountryFilterTest","AI Search recall: country filter DE",""
"broken","Tue Jun 16 03:15:21 UTC 2026","Tue Jun 16 03:15:41 UTC 2026","20022","API Coverage - Arise + Bamboo + Dolphin","Dolphin","com.testcase.dolphin.searchRec.AICompanySearchTest","com.testcase.dolphin.searchRec.AICompanySearchTest","inferenceTest","AI Search inference API (SSE stream)",""
"passed","Tue Jun 16 03:14:39 UTC 2026","Tue Jun 16 03:14:40 UTC 2026","797","API Coverage - Arise + Bamboo + Dolphin","Dolphin","com.testcase.dolphin.searchRec.ProductMainSearchTest","com.testcase.dolphin.searchRec.ProductMainSearchTest","EpProductMainSearchNoResultTest","ep product main search, return 0 result ",""
"passed","Tue Jun 16 03:14:52 UTC 2026","Tue Jun 16 03:14:52 UTC 2026","379","API Coverage - Arise + Bamboo + Dolphin","Dolphin","com.testcase.dolphin.searchRec.CompanyMainSearchTest","com.testcase.dolphin.searchRec.CompanyMainSearchTest","epDeRewriteAdressbuecherTest","epDeRewriteAdressbuecherTest",""
"broken","Tue Jun 16 03:18:01 UTC 2026","Tue Jun 16 03:18:21 UTC 2026","20020","API Coverage - Arise + Bamboo + Dolphin","Dolphin","com.testcase.dolphin.searchRec.AICompanySearchTest","com.testcase.dolphin.searchRec.AICompanySearchTest","recallSecondPageTest","AI Search recall: pagination page 2",""
"passed","Tue Jun 16 03:15:00 UTC 2026","Tue Jun 16 03:15:00 UTC 2026","190","API Coverage - Arise + Bamboo + Dolphin","Dolphin","com.testcase.dolphin.searchRec.CompanyMainSearchTest","com.testcase.dolphin.searchRec.CompanyMainSearchTest","wlwEnNormalizationScarfCashmereWoolTest","wlwEnNormalizationScarfCashmereWoolTest",""
"passed","Tue Jun 16 03:14:39 UTC 2026","Tue Jun 16 03:14:39 UTC 2026","23","API Coverage - Arise + Bamboo + Dolphin","Bamboo","com.testcase.dolphin.cpvProduct.CpvTest","com.testcase.dolphin.cpvProduct.CpvTest","listTopCategoriesTest","list top Categories",""
"passed","Tue Jun 16 03:20:03 UTC 2026","Tue Jun 16 03:20:03 UTC 2026","76","API Coverage - Arise + Bamboo + Dolphin","Dolphin","com.testcase.dolphin.searchRec.ProductRecommendTest","com.testcase.dolphin.searchRec.ProductRecommendTest","otherStoreProductRecommendTest","product other store recommend",""
"passed","Tue Jun 16 03:14:52 UTC 2026","Tue Jun 16 03:14:53 UTC 2026","280","API Coverage - Arise + Bamboo + Dolphin","Dolphin","com.testcase.dolphin.searchRec.CompanyMainSearchTest","com.testcase.dolphin.searchRec.CompanyMainSearchTest","epEnIntervention3dLenticularPrintingTest","epEnIntervention3dLenticularPrintingTest",""
"passed","Tue Jun 16 03:20:02 UTC 2026","Tue Jun 16 03:20:02 UTC 2026","69","API Coverage - Arise + Bamboo + Dolphin","Dolphin","com.testcase.dolphin.searchRec.ProductRecommendTest","com.testcase.dolphin.searchRec.ProductRecommendTest","cppProductRecommendTest","recommend products in CPP -- wlw",""
"passed","Tue Jun 16 03:14:51 UTC 2026","Tue Jun 16 03:14:51 UTC 2026","156","API Coverage - Arise + Bamboo + Dolphin","Dolphin","com.testcase.dolphin.searchRec.CompanyMainSearchTest","com.testcase.dolphin.searchRec.CompanyMainSearchTest","companySearchCountTest","companySearchCountTest",""
"passed","Tue Jun 16 03:20:02 UTC 2026","Tue Jun 16 03:20:02 UTC 2026","95","API Coverage - Arise + Bamboo + Dolphin","Dolphin","com.testcase.dolphin.searchRec.ProductRecommendTest","com.testcase.dolphin.searchRec.ProductRecommendTest","EPOtherStoreProductRecommendTest","product other store recommend",""
"passed","Tue Jun 16 03:14:42 UTC 2026","Tue Jun 16 03:14:43 UTC 2026","479","API Coverage - Arise + Bamboo + Dolphin","Dolphin","com.testcase.dolphin.searchRec.ProductMainSearchTest","com.testcase.dolphin.searchRec.ProductMainSearchTest","WlwProductNewMainSearch4SeoTest","WlwProductNewMainSearch4SeoTest",""
"passed","Tue Jun 16 03:20:02 UTC 2026","Tue Jun 16 03:20:02 UTC 2026","109","API Coverage - Arise + Bamboo + Dolphin","Dolphin","com.testcase.dolphin.searchRec.ProductRecommendTest","com.testcase.dolphin.searchRec.ProductRecommendTest","EPSameStoreProductRecommendTest","product same store recommend -- ep",""
"passed","Tue Jun 16 03:20:02 UTC 2026","Tue Jun 16 03:20:02 UTC 2026","75","API Coverage - Arise + Bamboo + Dolphin","Dolphin","com.testcase.dolphin.searchRec.ProductRecommendTest","com.testcase.dolphin.searchRec.ProductRecommendTest","EPPCppProductRecommendTest","recommend products in CPP -- ep",""
"failed","Tue Jun 16 03:14:38 UTC 2026","Tue Jun 16 03:14:38 UTC 2026","30","API Coverage - Arise + Bamboo + Dolphin","Arise","com.testcase.arise.seo.api.tmb.SEOElementsAPITest","com.testcase.arise.seo.api.tmb.SEOElementsAPITest","skwdAll","skwdAll",""
"failed","Tue Jun 16 03:14:57 UTC 2026","Tue Jun 16 03:14:58 UTC 2026","990","API Coverage - Arise + Bamboo + Dolphin","Dolphin","com.testcase.dolphin.searchRec.CompanyMainSearchTest","com.testcase.dolphin.searchRec.CompanyMainSearchTest","testTopRankingPreview","testTopRankingPreview",""
"passed","Tue Jun 16 03:14:56 UTC 2026","Tue Jun 16 03:14:56 UTC 2026","834","API Coverage - Arise + Bamboo + Dolphin","Dolphin","com.testcase.dolphin.searchRec.CompanyMainSearchTest","com.testcase.dolphin.searchRec.CompanyMainSearchTest","testCompanyMainSearchLocationSort","testCompanyMainSearchLocationSort",""
"passed","Tue Jun 16 03:14:55 UTC 2026","Tue Jun 16 03:14:55 UTC 2026","13","API Coverage - Arise + Bamboo + Dolphin","Dolphin","com.testcase.dolphin.searchRec.CompanyMainSearchTest","com.testcase.dolphin.searchRec.CompanyMainSearchTest","getUserSearchHistoryTest","getUserSearchHistoryTest",""
"passed","Tue Jun 16 03:20:01 UTC 2026","Tue Jun 16 03:20:02 UTC 2026","177","API Coverage - Arise + Bamboo + Dolphin","Dolphin","com.testcase.dolphin.searchRec.ProductRecommendTest","com.testcase.dolphin.searchRec.ProductRecommendTest","EPHomepageProductRecommendTest","homepage product recommend -- ep",""
"passed","Tue Jun 16 03:14:48 UTC 2026","Tue Jun 16 03:14:49 UTC 2026","207","API Coverage - Arise + Bamboo + Dolphin","Dolphin","com.testcase.dolphin.searchRec.ProductMainSearchTest","com.testcase.dolphin.searchRec.ProductMainSearchTest","productMainSearchNoResultTest","product main search without TR, return 0 result",""
"broken","Tue Jun 16 03:15:00 UTC 2026","Tue Jun 16 03:15:21 UTC 2026","20643","API Coverage - Arise + Bamboo + Dolphin","Dolphin","com.testcase.dolphin.searchRec.AICompanySearchTest","com.testcase.dolphin.searchRec.AICompanySearchTest","inferenceShortQueryTest","AI Search inference: minimal searchText boundary",""
"passed","Tue Jun 16 03:14:44 UTC 2026","Tue Jun 16 03:14:44 UTC 2026","462","API Coverage - Arise + Bamboo + Dolphin","Dolphin","com.testcase.dolphin.searchRec.ProductMainSearchTest","com.testcase.dolphin.searchRec.ProductMainSearchTest","WlwProductNewMainSearchTest","WlwProductNewMainSearchTest",""
"passed","Tue Jun 16 03:14:54 UTC 2026","Tue Jun 16 03:14:55 UTC 2026","471","API Coverage - Arise + Bamboo + Dolphin","Dolphin","com.testcase.dolphin.searchRec.CompanyMainSearchTest","com.testcase.dolphin.searchRec.CompanyMainSearchTest","epFrInterventionAccessoiresDePortailsTest","epFrInterventionAccessoiresDePortailsTest",""
"passed","Tue Jun 16 03:14:55 UTC 2026","Tue Jun 16 03:14:55 UTC 2026","38","API Coverage - Arise + Bamboo + Dolphin","Dolphin","com.testcase.dolphin.searchRec.CompanyMainSearchTest","com.testcase.dolphin.searchRec.CompanyMainSearchTest","getSuggestionWordTest","getSuggestionWordTest",""
"passed","Tue Jun 16 03:14:58 UTC 2026","Tue Jun 16 03:14:58 UTC 2026","198","API Coverage - Arise + Bamboo + Dolphin","Dolphin","com.testcase.dolphin.searchRec.CompanyMainSearchTest","com.testcase.dolphin.searchRec.CompanyMainSearchTest","wlwDeInterventionAllianzGeneralvertretungTest","wlwDeInterventionAllianzGeneralvertretungTest",""
"passed","Tue Jun 16 03:14:59 UTC 2026","Tue Jun 16 03:14:59 UTC 2026","667","API Coverage - Arise + Bamboo + Dolphin","Dolphin","com.testcase.dolphin.searchRec.CompanyMainSearchTest","com.testcase.dolphin.searchRec.CompanyMainSearchTest","wlwDeRewriteAdhaesionsbeutelTest","wlwDeRewriteAdhaesionsbeutelTest",""
"passed","Tue Jun 16 03:14:46 UTC 2026","Tue Jun 16 03:14:47 UTC 2026","215","API Coverage - Arise + Bamboo + Dolphin","Dolphin","com.testcase.dolphin.searchRec.ProductMainSearchTest","com.testcase.dolphin.searchRec.ProductMainSearchTest","epDeRewriteAdressbuecherTest","epDeRewriteAdressbuecherTest",""
